{
    "id": 82,
    "team": 663,
    "wins": 603,
    "losses": 935,
    "historical_stats": {
        "s0": {
            "wins": 1582,
            "losses": 3207,
            "fg": 7.4030068908,
            "ft": 1.3345166005,
            "fpg": 4.4781791606,
            "apg": 0.0843599916,
            "bpg": 0.567341825,
            "drpg": 5.8552933807,
            "fga": 18.4334934224,
            "fta": 1.7805387346,
            "orpg": 0.2568385884,
            "ppg": 19.1501357277,
            "spg": 1.0465650449,
            "tpg": 3.0582585091,
            "rpg": 6.1121319691,
            "two_p": 4.3934015452,
            "two_pa": 9.1351012738,
            "three_p": 3.0096053456,
            "three_pa": 9.2983921487,
            "fg_pct": 0.4016062892,
            "ft_pct": 0.7495015832,
            "two_p_pct": 0.4809362714,
            "three_p_pct": 0.3236694363
        }
    },
    "career_average": {
        "wins": 2185,
        "losses": 4142,
        "fg": 7.801327643432907,
        "ft": 1.5184131499920974,
        "fpg": 4.2535166745693065,
        "apg": 0.5022917654496601,
        "bpg": 0.6010747589694958,
        "drpg": 5.929982614193141,
        "fga": 19.206100837679784,
        "fta": 2.0145408566461196,
        "orpg": 0.401454085664612,
        "ppg": 20.184131499920973,
        "spg": 1.0219693377588115,
        "tpg": 2.9216058163426584,
        "rpg": 6.331436699857752,
        "two_p": 4.738264580369844,
        "two_pa": 9.780938833570412,
        "three_p": 3.0630630630630633,
        "three_pa": 9.425162004109373,
        "fg_pct": 0.4061900804002732,
        "ft_pct": 0.753726659344108,
        "two_p_pct": 0.48443862710878416,
        "three_p_pct": 0.32498784230208105
    },
    "current_season_stats": {
        "wins": 603,
        "losses": 935,
        "fg": 9.041612483745123,
        "ft": 2.0910273081924577,
        "fpg": 3.5539661898569572,
        "apg": 1.8036410923276982,
        "bpg": 0.706111833550065,
        "drpg": 6.162548764629388,
        "fga": 21.61183355006502,
        "fta": 2.743172951885566,
        "orpg": 0.8517555266579974,
        "ppg": 23.4037711313394,
        "spg": 0.9453836150845254,
        "tpg": 2.496098829648895,
        "rpg": 7.014304291287386,
        "two_p": 5.8120936280884266,
        "two_pa": 11.791937581274382,
        "three_p": 3.229518855656697,
        "three_pa": 9.819895968790638,
        "fg_pct": 0.4183639700351996,
        "ft_pct": 0.7622659397961602,
        "two_p_pct": 0.4928870754300838,
        "three_p_pct": 0.3288750579355095
    },
    "first_named_on": "2023-01-26T16:39:01.946953Z",
    "token": 1042,
    "uuid": "075ba6af-def9-43bf-bc19-5c24d30c07cc",
    "kind": "ON_CHAIN",
    "full_name": "BOMBO GENESIS",
    "age": 6,
    "star_rating": 3,
    "g": "1526.0000000000",
    "fg": "9.0524246396",
    "fga": "21.6297509830",
    "fg_pct": "0.4185172842",
    "three_p": "3.2339449541",
    "three_pa": "9.8283093054",
    "three_p_pct": "0.3290438725",
    "two_p": "5.8184796855",
    "two_pa": "11.8014416776",
    "two_p_pct": "0.4930312621",
    "ft": "2.0976408912",
    "fta": "2.7490170380",
    "ft_pct": "0.7630512515",
    "orpg": "0.8532110092",
    "drpg": "6.1612057667",
    "rpg": "7.0144167759",
    "apg": "1.8073394495",
    "spg": "0.9469200524",
    "bpg": "0.7083879423",
    "fpg": "3.5570117955",
    "ppg": "23.4364351245",
    "tpg": "2.4901703801",
    "three_pt_rating": "78.3704345100",
    "interior_2pt_rating": null,
    "midrange_2pt_rating": "81.7238125300",
    "ft_rating": null,
    "drb_rating": null,
    "orb_rating": "43.5546190400",
    "ast_rating": null,
    "physicality_rating": "38.8852411200",
    "interior_defense_rating": "66.6018396200",
    "perimeter_defense_rating": null,
    "longevity_rating": "84.4093865800",
    "hustle_rating": null,
    "bball_iq_rating": null,
    "leadership_rating": null,
    "coachability_rating": null,
    "positions": ["G", "F"],
    "top_attributes": ["longevity_rating", "midrange_2pt_rating", "three_pt_rating"],
    "accessory": "SLEEVE_BLACK",
    "balls": "CARBON",
    "exo_shell": "MATTE_ANVIL",
    "finger_tips": "FINGER_TIPS_BLACK",
    "hair": "MOHAWK_RED",
    "jersey_trim": "BLACK",
    "background": "RED",
    "ear_plate": "GREEN",
    "face": "FACE_STEEL",
    "guts": "SILVER",
    "jersey": "GREY"
}
